{"mean":{"confidence_interval":{"confidence_level":0.95,"lower_bound":1504722077.3325,"upper_bound":1521755605.3875},"point_estimate":1513346896.0,"standard_error":4380702.582199968},"median":{"confidence_interval":{"confidence_level":0.95,"lower_bound":1497901466.0,"upper_bound":1527386020.0},"point_estimate":1517156580.5,"standard_error":8565391.372862956},"median_abs_dev":{"confidence_interval":{"confidence_level":0.95,"lower_bound":2412177.555075288,"upper_bound":21699886.22455001},"point_estimate":18769631.899872422,"standard_error":5772377.456109381},"slope":null,"std_dev":{"confidence_interval":{"confidence_level":0.95,"lower_bound":9570030.160048237,"upper_bound":16487918.640632063},"point_estimate":14543808.293454312,"standard_error":1794497.2453972115}}