{"mean":{"confidence_interval":{"confidence_level":0.95,"lower_bound":-0.07393915703163807,"upper_bound":-0.06396323610955931},"point_estimate":-0.06925344432553782,"standard_error":0.002549411452110851},"median":{"confidence_interval":{"confidence_level":0.95,"lower_bound":-0.0765001761414722,"upper_bound":-0.0642035436597701},"point_estimate":-0.06891255104933502,"standard_error":0.003198974847395279}}