{"mean":{"confidence_interval":{"confidence_level":0.95,"lower_bound":1773510.5,"upper_bound":1974947.6},"point_estimate":1849725.8,"standard_error":56542.651753499515},"median":{"confidence_interval":{"confidence_level":0.95,"lower_bound":1762801.0,"upper_bound":1844965.5},"point_estimate":1790361.5,"standard_error":28914.72963255449},"median_abs_dev":{"confidence_interval":{"confidence_level":0.95,"lower_bound":7785.13246178627,"upper_bound":106723.47650527954},"point_estimate":60519.73092556,"standard_error":27485.417409373644},"slope":null,"std_dev":{"confidence_interval":{"confidence_level":0.95,"lower_bound":30548.983711773817,"upper_bound":286968.6412686933},"point_estimate":186998.84526666647,"standard_error":88528.1723862385}}