{"mean":{"confidence_interval":{"confidence_level":0.95,"lower_bound":44786263.26033333,"upper_bound":45073051.77583333},"point_estimate":44937977.35297619,"standard_error":73542.9477550138},"median":{"confidence_interval":{"confidence_level":0.95,"lower_bound":44727614.95,"upper_bound":45144451.571428575},"point_estimate":45020966.45833333,"standard_error":113295.96858966208},"median_abs_dev":{"confidence_interval":{"confidence_level":0.95,"lower_bound":36170.18883585185,"upper_bound":408268.66972178663},"point_estimate":212670.65748683925,"standard_error":99595.82246461954},"slope":{"confidence_interval":{"confidence_level":0.95,"lower_bound":44830379.566705845,"upper_bound":45129742.8125},"point_estimate":44963254.687012985,"standard_error":79035.94332122886},"std_dev":{"confidence_interval":{"confidence_level":0.95,"lower_bound":123956.88143999747,"upper_bound":311048.61833758984},"point_estimate":244361.85793174242,"standard_error":49516.87709724233}}