{"mean":{"confidence_interval":{"confidence_level":0.95,"lower_bound":-0.07648999457872536,"upper_bound":-0.06668178549514944},"point_estimate":-0.07133773689820821,"standard_error":0.00250449321541249},"median":{"confidence_interval":{"confidence_level":0.95,"lower_bound":-0.0774105078060332,"upper_bound":-0.06372748342734624},"point_estimate":-0.06935451693353845,"standard_error":0.0035541951483456014}}