{"mean":{"confidence_interval":{"confidence_level":0.95,"lower_bound":-0.05902592066671364,"upper_bound":-0.027847005744283115},"point_estimate":-0.04441117894128077,"standard_error":0.00807526038362517},"median":{"confidence_interval":{"confidence_level":0.95,"lower_bound":-0.06649698425308659,"upper_bound":-0.023333813279919013},"point_estimate":-0.052531620795020384,"standard_error":0.011607598776300382}}