{"mean":{"confidence_interval":{"confidence_level":0.95,"lower_bound":-0.04093308088481987,"upper_bound":-0.03346040954908025},"point_estimate":-0.037453587487653595,"standard_error":0.0018948367260734024},"median":{"confidence_interval":{"confidence_level":0.95,"lower_bound":-0.043442915939826854,"upper_bound":-0.03286549312055376},"point_estimate":-0.04011923425965391,"standard_error":0.0025784733160185143}}