{"mean":{"confidence_interval":{"confidence_level":0.95,"lower_bound":-0.10357078375945417,"upper_bound":-0.07637331666595142},"point_estimate":-0.09127656420172248,"standard_error":0.00695004085260449},"median":{"confidence_interval":{"confidence_level":0.95,"lower_bound":-0.10549896283899318,"upper_bound":-0.08082011822369468},"point_estimate":-0.09596350145908639,"standard_error":0.006525482330069932}}