{"mean":{"confidence_interval":{"confidence_level":0.95,"lower_bound":-0.03582421806477012,"upper_bound":-0.02286639603030197},"point_estimate":-0.029206247630545357,"standard_error":0.003316026884174112},"median":{"confidence_interval":{"confidence_level":0.95,"lower_bound":-0.04137799057167413,"upper_bound":-0.018551103738511605},"point_estimate":-0.027618323863844663,"standard_error":0.006181901664462173}}