{"mean":{"confidence_interval":{"confidence_level":0.95,"lower_bound":-0.043455313795644365,"upper_bound":-0.03290871745554097},"point_estimate":-0.03843282848056917,"standard_error":0.002755152057976612},"median":{"confidence_interval":{"confidence_level":0.95,"lower_bound":-0.04527164835178976,"upper_bound":-0.03616452395370329},"point_estimate":-0.0415440255308126,"standard_error":0.0023617235252661596}}