{"mean":{"confidence_interval":{"confidence_level":0.95,"lower_bound":-0.10503813442368866,"upper_bound":0.05610284479351534},"point_estimate":-0.03178118109742034,"standard_error":0.04007184228152618},"median":{"confidence_interval":{"confidence_level":0.95,"lower_bound":-0.08041178834908658,"upper_bound":0.010314733880306015},"point_estimate":-0.027892494673492085,"standard_error":0.023678112679931963}}